,BTCUSDT,TOMOBTC,ATOMBTC,MATICBTC,BNBBTC
BTCUSDT,1.0,0.06247045076572096,-0.5330925986539575,-0.24854183472989533,-0.11135515072489084
TOMOBTC,0.06247045076572096,1.0,0.09310722022160302,-0.15015173459211054,0.3410588738556173
ATOMBTC,-0.5330925986539575,0.09310722022160302,1.0,0.3437469760670653,0.7731333555573993
MATICBTC,-0.24854183472989533,-0.15015173459211054,0.3437469760670653,1.0,0.11913309807506262
BNBBTC,-0.11135515072489084,0.3410588738556173,0.7731333555573993,0.11913309807506262,1.0
